[{"model": "ambulance.ambulance", "pk": 1, "fields": {"comment": "B-12", "updated_by": 1, "updated_on": "2018-03-07T23:31:16.955Z", "identifier": "B-12", "capability": "B", "status": "OS", "orientation": 1.0, "location": "SRID=4326;POINT (-117.0852120243944 32.52835943411242)", "timestamp": "2018-02-22T01:54:02Z"}}, {"model": "ambulance.ambulance", "pk": 2, "fields": {"comment": null, "updated_by": 1, "updated_on": "2018-03-07T23:30:32.801Z", "identifier": "BC-183", "capability": "B", "status": "AV", "orientation": 1.0, "location": "SRID=4326;POINT (-117.1036148071289 32.49036153263807)", "timestamp": "2018-03-07T23:25:19Z"}}, {"model": "ambulance.ambulance", "pk": 3, "fields": {"comment": null, "updated_by": 1, "updated_on": "2018-03-07T23:31:57.542Z", "identifier": "BC-160", "capability": "B", "status": "AV", "orientation": 1.0, "location": "SRID=4326;POINT (-116.9511795043945 32.48891358848039)", "timestamp": "2018-03-07T23:31:19Z"}}, {"model": "ambulance.ambulance", "pk": 4, "fields": {"comment": null, "updated_by": 1, "updated_on": "2018-03-07T23:32:33.888Z", "identifier": "BC-179", "capability": "B", "status": "PB", "orientation": 1.0, "location": "SRID=4326;POINT (-117.019157409668 32.53118396178313)", "timestamp": "2018-03-07T23:32:00Z"}}, {"model": "ambulance.ambulance", "pk": 5, "fields": {"comment": null, "updated_by": 1, "updated_on": "2018-03-07T23:32:53.142Z", "identifier": "BC-166", "capability": "A", "status": "AP", "orientation": 1.0, "location": "SRID=4326;POINT (-117.0382 32.5149)", "timestamp": "2018-03-07T23:32:35Z"}}, {"model": "ambulance.ambulance", "pk": 6, "fields": {"comment": null, "updated_by": 1, "updated_on": "2018-03-07T23:33:50.736Z", "identifier": "BC-175", "capability": "R", "status": "AP", "orientation": 1.0, "location": "SRID=4326;POINT (-117.0307016372681 32.50929125812159)", "timestamp": "2018-03-07T23:33:23Z"}}, {"model": "ambulance.ambulance", "pk": 7, "fields": {"comment": null, "updated_by": 1, "updated_on": "2018-03-07T23:34:52.850Z", "identifier": "BC-168", "capability": "B", "status": "AV", "orientation": 1.0, "location": "SRID=4326;POINT (-117.0306587219238 32.52000306544956)", "timestamp": "2018-03-07T23:33:53Z"}}, {"model": "ambulance.ambulance", "pk": 8, "fields": {"comment": null, "updated_by": 1, "updated_on": "2018-03-07T23:35:20.979Z", "identifier": "BC-172", "capability": "B", "status": "AV", "orientation": 1.0, "location": "SRID=4326;POINT (-116.9326308032032 32.49170202676737)", "timestamp": "2018-03-07T23:34:56Z"}}, {"model": "ambulance.ambulance", "pk": 9, "fields": {"comment": null, "updated_by": 1, "updated_on": "2018-03-07T23:35:46.143Z", "identifier": "BC-178", "capability": "B", "status": "AV", "orientation": 1.0, "location": "SRID=4326;POINT (-117.015380859375 32.39735626801311)", "timestamp": "2018-03-07T23:35:24Z"}}, {"model": "ambulance.ambulance", "pk": 10, "fields": {"comment": null, "updated_by": 1, "updated_on": "2018-03-07T23:55:33.143Z", "identifier": "BC-174", "capability": "B", "status": "AV", "orientation": 320.822826916179, "location": "SRID=4326;POINT (-116.7499070428312 32.27218750369213)", "timestamp": "2018-03-07T23:35:49Z"}}, {"model": "ambulance.ambulance", "pk": 11, "fields": {"comment": null, "updated_by": 1, "updated_on": "2018-03-07T23:36:47.913Z", "identifier": "BC-167", "capability": "B", "status": "AV", "orientation": 1.0, "location": "SRID=4326;POINT (-116.8025207519531 32.53523624082722)", "timestamp": "2018-03-07T23:36:23Z"}}, {"model": "ambulance.ambulance", "pk": 12, "fields": {"comment": null, "updated_by": 1, "updated_on": "2018-03-07T23:37:10.781Z", "identifier": "BC-027", "capability": "B", "status": "AV", "orientation": 1.0, "location": "SRID=4326;POINT (-117.0435333251953 32.4935469277599)", "timestamp": "2018-03-07T23:36:50Z"}}, {"model": "ambulance.ambulance", "pk": 13, "fields": {"comment": null, "updated_by": 1, "updated_on": "2018-03-07T23:37:41.454Z", "identifier": "BC-182", "capability": "B", "status": "AV", "orientation": 1.0, "location": "SRID=4326;POINT (-116.9995880126953 32.45531474387748)", "timestamp": "2018-03-07T23:37:13Z"}}, {"model": "ambulance.ambulance", "pk": 14, "fields": {"comment": null, "updated_by": 1, "updated_on": "2018-03-07T23:38:42.303Z", "identifier": "BC-177", "capability": "B", "status": "OS", "orientation": 1.0, "location": "SRID=4326;POINT (-117.0758056640625 32.48543842743153)", "timestamp": "2018-03-07T23:37:44Z"}}, {"model": "ambulance.ambulance", "pk": 15, "fields": {"comment": null, "updated_by": 1, "updated_on": "2018-03-07T23:39:52.927Z", "identifier": "bc-180", "capability": "B", "status": "AV", "orientation": 1.0, "location": "SRID=4326;POINT (-115.6640625 32.43561304116276)", "timestamp": "2018-03-07T23:38:51Z"}}, {"model": "ambulance.ambulance", "pk": 16, "fields": {"comment": null, "updated_by": 1, "updated_on": "2018-03-07T23:40:51.785Z", "identifier": "BC-169", "capability": "B", "status": "AV", "orientation": 1.0, "location": "SRID=4326;POINT (-116.8807983398438 32.47269502206151)", "timestamp": "2018-03-07T23:39:56Z"}}, {"model": "ambulance.ambulance", "pk": 17, "fields": {"comment": null, "updated_by": 1, "updated_on": "2018-03-07T23:41:24.024Z", "identifier": "BC-170", "capability": "B", "status": "AV", "orientation": 1.0, "location": "SRID=4326;POINT (-115.55419921875 32.01739159980399)", "timestamp": "2018-03-07T23:40:54Z"}}, {"model": "ambulance.ambulance", "pk": 18, "fields": {"comment": null, "updated_by": 1, "updated_on": "2018-03-07T23:42:03.525Z", "identifier": "BC-171", "capability": "A", "status": "AV", "orientation": 1.0, "location": "SRID=4326;POINT (-116.685791015625 32.19885712788491)", "timestamp": "2018-03-07T23:41:49Z"}}, {"model": "ambulance.ambulance", "pk": 19, "fields": {"comment": null, "updated_by": 1, "updated_on": "2018-03-07T23:42:43.543Z", "identifier": "BC-165", "capability": "B", "status": "AV", "orientation": 1.0, "location": "SRID=4326;POINT (-116.1474609375 32.13840869677251)", "timestamp": "2018-03-07T23:42:08Z"}}, {"model": "ambulance.ambulance", "pk": 20, "fields": {"comment": null, "updated_by": 1, "updated_on": "2018-03-07T23:43:09.688Z", "identifier": "BC-184", "capability": "B", "status": "AV", "orientation": 1.0, "location": "SRID=4326;POINT (-117.1128845214844 32.46921923476023)", "timestamp": "2018-03-07T23:42:46Z"}}, {"model": "ambulance.ambulance", "pk": 21, "fields": {"comment": null, "updated_by": 1, "updated_on": "2018-03-07T23:43:31.963Z", "identifier": "BC-196", "capability": "B", "status": "AV", "orientation": 1.0, "location": "SRID=4326;POINT (-117.1204376220703 32.52134195160539)", "timestamp": "2018-03-07T23:43:11Z"}}, {"model": "ambulance.ambulance", "pk": 22, "fields": {"comment": null, "updated_by": 1, "updated_on": "2018-03-07T23:44:18.354Z", "identifier": "BC-190", "capability": "B", "status": "AV", "orientation": 1.0, "location": "SRID=4326;POINT (-116.9920349121094 32.52944721480068)", "timestamp": "2018-03-07T23:43:35Z"}}, {"model": "ambulance.ambulance", "pk": 23, "fields": {"comment": null, "updated_by": 1, "updated_on": "2018-03-07T23:44:45.219Z", "identifier": "BC-197", "capability": "B", "status": "AV", "orientation": 1.0, "location": "SRID=4326;POINT (-116.927490234375 32.47269502206151)", "timestamp": "2018-03-07T23:44:20Z"}}, {"model": "ambulance.ambulanceupdate", "pk": 1, "fields": {"ambulance": 1, "status": "OS", "orientation": 1.0, "location": "SRID=4326;POINT (-117.0852120243944 32.52835943411242)", "timestamp": "2018-02-22T01:54:02Z", "comment": "B-12", "updated_by": 1, "updated_on": "2018-02-22T01:54:36.096Z"}}, {"model": "ambulance.ambulanceupdate", "pk": 2, "fields": {"ambulance": 2, "status": "AV", "orientation": 1.0, "location": "SRID=4326;POINT (-117.1036148071289 32.49036153263807)", "timestamp": "2018-03-07T23:25:19Z", "comment": null, "updated_by": 1, "updated_on": "2018-03-07T23:30:32.801Z"}}, {"model": "ambulance.ambulanceupdate", "pk": 3, "fields": {"ambulance": 3, "status": "AV", "orientation": 1.0, "location": "SRID=4326;POINT (-116.9511795043945 32.48891358848039)", "timestamp": "2018-03-07T23:31:19Z", "comment": null, "updated_by": 1, "updated_on": "2018-03-07T23:31:57.542Z"}}, {"model": "ambulance.ambulanceupdate", "pk": 4, "fields": {"ambulance": 4, "status": "PB", "orientation": 1.0, "location": "SRID=4326;POINT (-117.019157409668 32.53118396178313)", "timestamp": "2018-03-07T23:32:00Z", "comment": null, "updated_by": 1, "updated_on": "2018-03-07T23:32:33.888Z"}}, {"model": "ambulance.ambulanceupdate", "pk": 5, "fields": {"ambulance": 5, "status": "AP", "orientation": 1.0, "location": "SRID=4326;POINT (-117.0382 32.5149)", "timestamp": "2018-03-07T23:32:35Z", "comment": null, "updated_by": 1, "updated_on": "2018-03-07T23:32:53.142Z"}}, {"model": "ambulance.ambulanceupdate", "pk": 6, "fields": {"ambulance": 6, "status": "AP", "orientation": 1.0, "location": "SRID=4326;POINT (-117.0307016372681 32.50929125812159)", "timestamp": "2018-03-07T23:33:23Z", "comment": null, "updated_by": 1, "updated_on": "2018-03-07T23:33:50.736Z"}}, {"model": "ambulance.ambulanceupdate", "pk": 7, "fields": {"ambulance": 7, "status": "AV", "orientation": 1.0, "location": "SRID=4326;POINT (-117.0306587219238 32.52000306544956)", "timestamp": "2018-03-07T23:33:53Z", "comment": null, "updated_by": 1, "updated_on": "2018-03-07T23:34:52.850Z"}}, {"model": "ambulance.ambulanceupdate", "pk": 8, "fields": {"ambulance": 8, "status": "AV", "orientation": 1.0, "location": "SRID=4326;POINT (-116.9326308032032 32.49170202676737)", "timestamp": "2018-03-07T23:34:56Z", "comment": null, "updated_by": 1, "updated_on": "2018-03-07T23:35:20.979Z"}}, {"model": "ambulance.ambulanceupdate", "pk": 9, "fields": {"ambulance": 9, "status": "AV", "orientation": 1.0, "location": "SRID=4326;POINT (-117.015380859375 32.39735626801311)", "timestamp": "2018-03-07T23:35:24Z", "comment": null, "updated_by": 1, "updated_on": "2018-03-07T23:35:46.143Z"}}, {"model": "ambulance.ambulanceupdate", "pk": 10, "fields": {"ambulance": 10, "status": "AV", "orientation": 1.0, "location": "SRID=4326;POINT (-117.1149444580078 32.5242367723967)", "timestamp": "2018-03-07T23:35:49Z", "comment": null, "updated_by": 1, "updated_on": "2018-03-07T23:36:20.423Z"}}, {"model": "ambulance.ambulanceupdate", "pk": 11, "fields": {"ambulance": 11, "status": "AV", "orientation": 1.0, "location": "SRID=4326;POINT (-116.8025207519531 32.53523624082722)", "timestamp": "2018-03-07T23:36:23Z", "comment": null, "updated_by": 1, "updated_on": "2018-03-07T23:36:47.913Z"}}, {"model": "ambulance.ambulanceupdate", "pk": 12, "fields": {"ambulance": 12, "status": "AV", "orientation": 1.0, "location": "SRID=4326;POINT (-117.0435333251953 32.4935469277599)", "timestamp": "2018-03-07T23:36:50Z", "comment": null, "updated_by": 1, "updated_on": "2018-03-07T23:37:10.781Z"}}, {"model": "ambulance.ambulanceupdate", "pk": 13, "fields": {"ambulance": 13, "status": "AV", "orientation": 1.0, "location": "SRID=4326;POINT (-116.9995880126953 32.45531474387748)", "timestamp": "2018-03-07T23:37:13Z", "comment": null, "updated_by": 1, "updated_on": "2018-03-07T23:37:41.454Z"}}, {"model": "ambulance.ambulanceupdate", "pk": 14, "fields": {"ambulance": 14, "status": "OS", "orientation": 1.0, "location": "SRID=4326;POINT (-117.0758056640625 32.48543842743153)", "timestamp": "2018-03-07T23:37:44Z", "comment": null, "updated_by": 1, "updated_on": "2018-03-07T23:38:42.303Z"}}, {"model": "ambulance.ambulanceupdate", "pk": 15, "fields": {"ambulance": 15, "status": "AV", "orientation": 1.0, "location": "SRID=4326;POINT (-115.6640625 32.43561304116276)", "timestamp": "2018-03-07T23:38:51Z", "comment": null, "updated_by": 1, "updated_on": "2018-03-07T23:39:52.927Z"}}, {"model": "ambulance.ambulanceupdate", "pk": 16, "fields": {"ambulance": 16, "status": "AV", "orientation": 1.0, "location": "SRID=4326;POINT (-116.8807983398438 32.47269502206151)", "timestamp": "2018-03-07T23:39:56Z", "comment": null, "updated_by": 1, "updated_on": "2018-03-07T23:40:51.785Z"}}, {"model": "ambulance.ambulanceupdate", "pk": 17, "fields": {"ambulance": 17, "status": "AV", "orientation": 1.0, "location": "SRID=4326;POINT (-115.55419921875 32.01739159980399)", "timestamp": "2018-03-07T23:40:54Z", "comment": null, "updated_by": 1, "updated_on": "2018-03-07T23:41:24.024Z"}}, {"model": "ambulance.ambulanceupdate", "pk": 18, "fields": {"ambulance": 18, "status": "AV", "orientation": 1.0, "location": "SRID=4326;POINT (-116.685791015625 32.19885712788491)", "timestamp": "2018-03-07T23:41:49Z", "comment": null, "updated_by": 1, "updated_on": "2018-03-07T23:42:03.525Z"}}, {"model": "ambulance.ambulanceupdate", "pk": 19, "fields": {"ambulance": 19, "status": "AV", "orientation": 1.0, "location": "SRID=4326;POINT (-116.1474609375 32.13840869677251)", "timestamp": "2018-03-07T23:42:08Z", "comment": null, "updated_by": 1, "updated_on": "2018-03-07T23:42:43.543Z"}}, {"model": "ambulance.ambulanceupdate", "pk": 20, "fields": {"ambulance": 20, "status": "AV", "orientation": 1.0, "location": "SRID=4326;POINT (-117.1128845214844 32.46921923476023)", "timestamp": "2018-03-07T23:42:46Z", "comment": null, "updated_by": 1, "updated_on": "2018-03-07T23:43:09.688Z"}}, {"model": "ambulance.ambulanceupdate", "pk": 21, "fields": {"ambulance": 21, "status": "AV", "orientation": 1.0, "location": "SRID=4326;POINT (-117.1204376220703 32.52134195160539)", "timestamp": "2018-03-07T23:43:11Z", "comment": null, "updated_by": 1, "updated_on": "2018-03-07T23:43:31.963Z"}}, {"model": "ambulance.ambulanceupdate", "pk": 22, "fields": {"ambulance": 22, "status": "AV", "orientation": 1.0, "location": "SRID=4326;POINT (-116.9920349121094 32.52944721480068)", "timestamp": "2018-03-07T23:43:35Z", "comment": null, "updated_by": 1, "updated_on": "2018-03-07T23:44:18.354Z"}}, {"model": "ambulance.ambulanceupdate", "pk": 23, "fields": {"ambulance": 23, "status": "AV", "orientation": 1.0, "location": "SRID=4326;POINT (-116.927490234375 32.47269502206151)", "timestamp": "2018-03-07T23:44:20Z", "comment": null, "updated_by": 1, "updated_on": "2018-03-07T23:44:45.219Z"}}, {"model": "ambulance.ambulanceupdate", "pk": 24, "fields": {"ambulance": 10, "status": "AV", "orientation": 320.822826916179, "location": "SRID=4326;POINT (-116.7499070428312 32.27218750369213)", "timestamp": "2018-03-07T23:35:49Z", "comment": null, "updated_by": 1, "updated_on": "2018-03-07T23:55:33.143Z"}}, {"model": "hospital.hospital", "pk": 2, "fields": {"number": "10851", "street": "Zone Urbana Rio Tijuana", "unit": null, "neighborhood": null, "city": "Tijuana", "state": "BC", "zipcode": "22000", "country": "MX", "location": "SRID=4326;POINT (-117.0036172354594 32.5269786385963)", "comment": null, "updated_by": 1, "updated_on": "2018-03-08T00:19:55.792Z", "name": "Hospital General de Tijuana"}}, {"model": "hospital.hospital", "pk": 3, "fields": {"number": "2da", "street": "Alfonso Gamboa s/n", "unit": null, "neighborhood": null, "city": "Tijuana", "state": "BC", "zipcode": "22430", "country": "MX", "location": "SRID=4326;POINT (-117.0450006821193 32.48671267580349)", "comment": null, "updated_by": 1, "updated_on": "2018-03-08T00:23:09.592Z", "name": "Cruz Roja Delegación Tijuana"}}, {"model": "hospital.equipment", "pk": 1, "fields": {"name": "Radiograph", "type": "B"}}, {"model": "hospital.equipment", "pk": 2, "fields": {"name": "Ultrasound", "type": "B"}}, {"model": "hospital.equipment", "pk": 3, "fields": {"name": "Blood laboratory", "type": "B"}}, {"model": "hospital.equipment", "pk": 4, "fields": {"name": "Tomography", "type": "B"}}, {"model": "hospital.hospitalequipment", "pk": 1, "fields": {"comment": null, "updated_by": 1, "updated_on": "2018-03-08T00:26:14.608Z", "hospital": 2, "equipment": 1, "value": "2"}}, {"model": "hospital.hospitalequipment", "pk": 2, "fields": {"comment": null, "updated_by": 1, "updated_on": "2018-03-08T00:26:25.579Z", "hospital": 2, "equipment": 2, "value": "2"}}, {"model": "hospital.hospitalequipment", "pk": 3, "fields": {"comment": null, "updated_by": 1, "updated_on": "2018-03-08T00:27:03.270Z", "hospital": 2, "equipment": 4, "value": "5"}}, {"model": "hospital.hospitalequipment", "pk": 4, "fields": {"comment": null, "updated_by": 1, "updated_on": "2018-03-08T00:27:20.638Z", "hospital": 2, "equipment": 3, "value": "8"}}, {"model": "hospital.hospitalequipment", "pk": 5, "fields": {"comment": null, "updated_by": 1, "updated_on": "2018-03-08T00:27:30.941Z", "hospital": 3, "equipment": 2, "value": "3"}}, {"model": "hospital.hospitalequipment", "pk": 6, "fields": {"comment": null, "updated_by": 1, "updated_on": "2018-03-08T00:27:40.812Z", "hospital": 3, "equipment": 1, "value": "1"}}, {"model": "hospital.hospitalequipment", "pk": 7, "fields": {"comment": null, "updated_by": 1, "updated_on": "2018-03-08T00:27:51.454Z", "hospital": 3, "equipment": 4, "value": "8"}}, {"model": "hospital.hospitalequipment", "pk": 8, "fields": {"comment": null, "updated_by": 1, "updated_on": "2018-03-08T00:28:10.828Z", "hospital": 3, "equipment": 3, "value": "4"}}]
